<?xml version="1.0" encoding="UTF-8"?>
<!DOCTYPE mapper
 PUBLIC "-//mybatis.org//DTD Mapper 3.0//EN"
 "https://mybatis.org/dtd/mybatis-3-mapper.dtd">
<mapper namespace="boardSQL">
	
	<!-- 글쓰기 -->
	<insert id="boardWrite" parameterType="java.util.Map">
		insert into board(seq,
						  id,
						  name,
						  email,
						  subject,
						  content,
						  ref)
				values(seq_board.nextval,
						#{id},
						#{name},
						#{email},
						#{subject},
						#{content},
						seq_board.nextval)
	</insert>
	
	<!-- 목록 -->
	<select id="getBoardList" parameterType="java.util.Map" resultType="board">
		<!-- 
		select * from
		(select rownum rn, tt.* from 
		(select * from board order by seq desc)tt 
		)where rn between #{startNum} and #{endNum}
		 -->
		
		<!--  
		select * from
		(select rownum rn, tt.* from 
		(select * from board order by seq desc)tt 
		)where rn >= #{startNum} and rn &lt;= #{endNum}
		 -->
		 
		<![CDATA[
		select * from
		(select rownum rn, tt.* from 
		(select * from board order by seq desc)tt 
		)where rn >= #{startNum} and rn <= #{endNum}
		]]>
		 
	</select>
	
	<!-- 총글수 -->
	<select id="getTotalA" resultType="int">
		select count(*) from board
	</select>
	
	<!-- 작성한 글 확인 -->
	<select id="getBoard" parameterType="int" resultType="board">
		select * from board where seq=#{seq}
	</select>
</mapper>



















